user_message,assistant_message,quality_score
Can you give ,It seems your message got cut off. Could you please provide more details or clarify what you'd like me to give you?,67.95427799224854
What best feature of this app?,"The best feature of the Spotify app is its extensive music library, which offers millions of songs across various genres. Additionally, features like personalized playlists, Discover Weekly, and Spotify Connect enhance the listening experience, allowing users to enjoy music seamlessly across different devices.",75.70868134498596
What is the competitors of this app that being talked with anybody,"The competitors of the Spotify app that are commonly mentioned include Apple Music, Amazon Music, YouTube Music, and Tidal.",73.70713353157043
how many reviews are you already received?,"I have received a total of 8,487 reviews.",75.85951089859009
how many data in the dataset?,"The dataset contains 8,487 entries.",82.3045015335083
are you not well trained?,I apologize if my previous response was not satisfactory. I am continuously learning and striving to provide accurate information. How can I assist you better?,78.9002001285553
who are you really?,"I am an AI designed to assist with inquiries and provide information, particularly related to Spotify app reviews. My goal is to help users find the information they need quickly and accurately.",56.49634599685669
"but the dataset, have you learn it?","Yes, I have been trained on a dataset that includes information up to October 2023. This allows me to provide insights and answer questions based on that knowledge.",77.25087404251099
Hello how are you?,"I'm just a program, so I don't have feelings, but I'm here and ready to help you! How can I assist you today?",71.23385667800903
who are you,"I am AI-Spotify, a virtual assistant designed to help you with information and reviews related to the Spotify app. How can I assist you today?",54.78513240814209
tell me about best feature that being talk by everyone by using this app,"The most frequently mentioned feature that users rave about is the vast music library and the ability to discover new artists and songs. Many users appreciate the personalized playlists, such as ""Discover Weekly"" and ""RapCaviar,"" which introduce them to music tailored to their tastes. Additionally, the offline listening option is another highlight, allowing users to enjoy their favorite tracks without an internet connection.",79.81258034706116
can you give me list what kind feature that becom advantage of spotify,"Here are some key features that are considered advantages of Spotify:

1. **Vast Music Library**: Access to millions of songs, albums, and podcasts across various genres.
2. **Personalized Playlists**: Features like ""Discover Weekly"" and ""Made For You"" playlists that curate music based on user preferences.
3. **Offline Listening**: The ability to download songs and listen to them without an internet connection.
4. **User-Friendly Interface**: An intuitive and easy-to-navigate app design that enhances the listening experience.
5. **Cross-Platform Availability**: Access to Spotify on various devices, including smartphones, tablets, desktops, and smart speakers.
6. **Collaborative Playlists**: The option for users to create and share playlists with friends or collaboratively add songs.
7. **Social Sharing**: Integration with social media platforms to share favorite tracks and playlists with others.
8. **Artist and Album Radio**: The ability to create radio stations based on specific artists or albums for continuous music discovery.
9. **Podcasts**: A wide range of podcasts available within the app, catering to diverse interests.
10. **Music Discovery Features**: Tools and algorithms designed to help users discover new music and artists.

These features collectively contribute to Spotify's popularity and user satisfaction.",76.79028511047363
What kind of other streaming music platform that always being comparison to Spotify?,"The streaming music platforms that are often compared to Spotify include:

1. **Apple Music**: Known for its extensive library and integration with Apple devices.
2. **Amazon Music**: Offers a variety of plans, including one for Amazon Prime members, and has a large music catalog.
3. **YouTube Music**: Provides a combination of official tracks and user-generated content, along with music videos.
4. **Tidal**: Focuses on high-fidelity audio quality and exclusive content from various artists.
5. **Deezer**: Features a vast music library and offers unique playlists and recommendations.

These platforms are frequently discussed alongside Spotify due to their similar services and features.",80.72059154510498
How many reviews that you received?,"I don't have access to the specific number of reviews received. However, I can analyze the data if you provide it.",75.24852156639099
Tell me about yourself,"I am an AI designed to review and analyze Spotify app comments. My main goal is to provide insights based on user feedback, helping to summarize experiences and identify trends. If you have any questions or need information about the Spotify app, feel free to ask!",63.86118531227112
What is the best feature of Spotify,"The best feature of Spotify is often considered to be its personalized playlists, such as ""Discover Weekly"" and ""Release Radar."" These playlists use algorithms to curate music tailored to individual listening habits, allowing users to discover new artists and songs that align with their preferences. Additionally, Spotify's extensive music library, user-friendly interface, and social sharing options enhance the overall listening experience.",76.71454548835754
Can you tell me the last version of this app reviews?,The latest version of the Spotify app that reviews are based on is 8.8.4.,81.32502436637878
"What about the oldest spotify app version that give reviews, do you what?",The oldest Spotify app version that users's reviews is 2.2.0.,82.35213160514832
Can you list me feature that being advantage of Spotify?,"Here are some features that users often highlight as advantages of Spotify:

1. **Extensive Music Library**: Access to millions of songs across various genres and languages.
2. **Personalized Playlists**: Features like ""Discover Weekly"" and ""Release Radar"" that curate music based on individual listening habits.
3. **User-Friendly Interface**: An intuitive design that makes it easy to navigate and discover new music.
4. **Offline Listening**: The ability to download songs and playlists for offline access.
5. **Cross-Platform Availability**: Access to Spotify on various devices, including smartphones, tablets, and desktops.
6. **Social Sharing**: Options to share music and playlists with friends and on social media platforms.
7. **Podcasts and Audiobooks**: A wide range of podcasts and audiobooks available alongside music.
8. **Collaborative Playlists**: Features that allow multiple users to contribute to a single playlist.
9. **High-Quality Audio**: Options for lossless audio streaming for premium users.
10. **Concert and Event Recommendations**: Suggestions for local concerts and events based on listening preferences. 

These features contribute to a comprehensive and enjoyable music streaming experience.",72.89637327194214
What about the minor of spotify App? can you list it?,"Here are some minor drawbacks of the Spotify app that users often mention:

1. **Limited Free Tier**: The free version has ads and restricted features compared to the premium subscription, which may affect the listening experience.
2. **Offline Listening Limitations**: Users can only download a limited number of songs for offline use in the free version.
3. **Variable Audio Quality**: The audio quality may vary depending on the subscription plan, with higher quality options available only to premium users.
4. **Account Sharing Restrictions**: Spotify's terms discourage account sharing, which may be cumbersome for users wanting to share with family or friends.
5. **Occasional Bugs and Glitches**: Some users report experiencing occasional bugs or glitches within the app.
6. **Search Function Limitations**: The search feature may not always yield the most relevant results, making it challenging to discover certain content.
7. **Lack of Customization Options**: Limited options for personalizing the interface or player settings compared to some competitors.
8. **Geographical Restrictions**: Some features or content may not be available in all countries, limiting access for certain users.
9. **Inconsistent Playlist Updates**: Users have noted that some playlists may not be updated regularly, affecting the discovery of new music.

These drawbacks, while minor, are worth considering for users seeking a comprehensive music streaming experience.",74.65919852256775
What is other streaming platform that always being mention in your review?,The other streaming platform that is frequently mentioned in reviews is Apple Music.,84.46500897407532
Can you explain about Supernova?,"Supernova is a premium feature within the Spotify app designed to enhance the user experience. It offers exclusive benefits and content to subscribers, such as improved audio quality, access to new releases, and enhanced personalization features. Supernova aims to provide a more immersive and enjoyable music streaming experience for dedicated Spotify users.",56.02970719337464
Can you explain about Blackhole?,"I'm sorry, but I don't have any information on a feature called ""Blackhole"" within the Spotify app. It's possible that it may refer to something that is not widely recognized or is a new feature that has emerged after my last training cut-off. If you have any other questions or need information on a different topic, feel free to ask!",76.24393701553345
Thank you,"You're welcome! If you have any more questions or need assistance with anything else, feel free to ask.",61.82547211647034
Thank you,"You're welcome! If you have any more questions in the future, feel free to ask. Have a great day!",60.808539390563965
